<?xml version="1.0" encoding="UTF-8"?>
<!DOCTYPE properties SYSTEM "http://java.sun.com/dtd/properties.dtd">
<properties>
	<comment>query</comment>
	
	<entry key="selectAll">
		SELECT EMP_ID, EMP_NAME, EMP_NO, EMAIL, PHONE,
		NVL(DEPT_TITLE, '부서없음') DEPT_TITLE, JOB_NAME, SALARY
		FROM EMPLOYEE
		LEFT JOIN DEPARTMENT ON(DEPT_ID = DEPT_CODE)
		JOIN JOB USING(JOB_CODE)
		ORDER BY EMP_ID
	</entry>
	
	<entry key="insertEmployee">
		INSERT INTO EMPLOYEE VALUES(?, ?, ?, ?, ?, ?, ?, ?, ?, ?, ?, SYSDATE, NULL, DEFAULT)
	</entry>
	
	<entry key="selectEmpId">
		SELECT EMP_ID, EMP_NAME, EMP_NO, EMAIL, PHONE,
		NVL(DEPT_TITLE, '부서없음') DEPT_TITLE, JOB_NAME, SALARY
		FROM EMPLOYEE
		LEFT JOIN DEPARTMENT ON(DEPT_ID = DEPT_CODE)
		JOIN JOB USING(JOB_CODE)
		WHERE EMP_ID = ?
	</entry>
	
	<entry key = "updateEmployee">
		UPDATE EMPLOYEE SET
		EMAIL = ?, PHONE = ?, SALARY = ?
		WHERE EMP_ID = ?
	</entry>
	
	<entry key="deleteEmployee">
		DELETE FROM EMPLOYEE WHERE EMP_ID = ?
	</entry>
	
	<entry key ="selectDeptEmp">
		SELECT EMP_ID, EMP_NAME, EMP_NO, EMAIL, PHONE,
		NVL(DEPT_TITLE, '부서없음') DEPT_TITLE, JOB_NAME, SALARY
		FROM EMPLOYEE
		LEFT JOIN DEPARTMENT ON(DEPT_ID = DEPT_CODE)
		JOIN JOB USING(JOB_CODE)
		WHERE DEPT_TITLE = ?
	</entry>
	
	<entry key ="selectSalaryEmp">
		SELECT EMP_ID, EMP_NAME, EMP_NO, EMAIL, PHONE,
		NVL(DEPT_TITLE, '부서없음') DEPT_TITLE, JOB_NAME, SALARY
		FROM EMPLOYEE
		LEFT JOIN DEPARTMENT ON(DEPT_ID = DEPT_CODE)
		JOIN JOB USING(JOB_CODE)
		WHERE SALARY >= ?
	</entry>
	
	<entry key="selectDeptTotalSalary">
		SELECT NVL(DEPT_TITLE, '부서없음') DEPT_TITLE, SUM(SALARY) SALARY
		FROM EMPLOYEE
		LEFT JOIN DEPARTMENT ON(DEPT_ID = DEPT_CODE)
		GROUP BY NVL(DEPT_TITLE, '부서없음')
	</entry>
	
	<entry key="selectEmpNo">
		SELECT EMP_ID, EMP_NAME, EMP_NO, EMAIL, PHONE,
		NVL(DEPT_TITLE, '부서없음') DEPT_TITLE, JOB_NAME, SALARY
		FROM EMPLOYEE
		LEFT JOIN DEPARTMENT ON(DEPT_ID = DEPT_CODE)
		JOIN JOB USING(JOB_CODE)
		WHERE EMP_NO = ?
	</entry>
	
	<entry key="selectJobAvgSalary">
		SELECT NVL(JOB_NAME, '직급없음') JOB_NAME, ROUND(AVG(SALARY)) SALARY
		FROM EMPLOYEE
		LEFT JOIN JOB USING(JOB_CODE)
		GROUP BY NVL(JOB_NAME, '직급없음')
	</entry>
	
</properties>
