<?xml version="1.0" encoding="UTF-8"?>
<!DOCTYPE properties SYSTEM "http://java.sun.com/dtd/properties.dtd">
<properties>
	<comment>query.xml file!!</comment>

	<entry key="selectAll">
		SELECT EMP_ID, EMP_NAME, EMP_NO, EMAIL, PHONE,
		NVL(DEPT_TITLE, '부서없음') DEPT_TITLE, JOB_NAME, SALARY
		FROM EMPLOYEE
		LEFT JOIN DEPARTMENT ON(DEPT_ID = DEPT_CODE)
		JOIN JOB USING(JOB_CODE)
		ORDER BY EMP_ID
	</entry>
	
	<entry key="insertEmployee">
		INSERT INTO EMPLOYEE VALUES(?, ?, ?, ?, ?, ?, ?, ?, ?, ?, ?, SYSDATE, NULL, DEFAULT)
	</entry>
	
	<entry key="selectEmpId">
		SELECT EMP_ID, EMP_NAME, EMP_NO, EMAIL, PHONE,
		NVL(DEPT_TITLE, '부서없음') DEPT_TITLE, JOB_NAME, SALARY
		FROM EMPLOYEE
		LEFT JOIN DEPARTMENT ON(DEPT_ID = DEPT_CODE)
		JOIN JOB USING(JOB_CODE)
		WHERE EMP_ID = ?
	</entry>
	
	<entry key="updateEmployee">
		UPDATE EMPLOYEE SET
		EMAIL = ?, PHONE = ?, SALARY = ?
		WHERE EMP_ID = ?
	</entry>
	
	<entry key="deleteEmployee">
		DELETE FROM EMPLOYEE WHERE EMP_ID = ?
	</entry>
	
	<entry key="selectDeptEmp">
		SELECT EMP_ID, EMP_NAME, EMP_NO, EMAIL, PHONE,
		NVL(DEPT_TITLE, '부서없음') DEPT_TITLE,
		JOB_NAME, SALARY
		FROM EMPLOYEE
		LEFT JOIN DEPARTMENT ON (DEPT_ID = DEPT_CODE)
		JOIN JOB USING(JOB_CODE)
		WHERE DEPT_TITLE = ?
	</entry>
	
	
	<entry key="selectSalaryEmp">
		SELECT EMP_ID, EMP_NAME, EMP_NO, EMAIL, PHONE,
		NVL(DEPT_TITLE, '부서없음') DEPT_TITLE,
		JOB_NAME, SALARY
		FROM EMPLOYEE
		LEFT JOIN DEPARTMENT ON (DEPT_ID = DEPT_CODE)
		JOIN JOB USING(JOB_CODE)
		WHERE SALARY >= ?
	</entry>
	
	<entry key="selectDeptTotalSalary">
		SELECT NVL(DEPT_CODE, '부서없음') DEPT_CODE, SUM(SALARY) TOTAL
		FROM EMPLOYEE
		LEFT JOIN DEPARTMENT ON (DEPT_ID = DEPT_CODE)
		GROUP BY DEPT_CODE
		ORDER BY DEPT_CODE
	</entry>
	
	<entry key="selectEmpNo">
		SELECT EMP_ID, EMP_NAME, EMP_NO, EMAIL, PHONE,
		NVL(DEPT_TITLE, '부서없음') DEPT_TITLE,
		JOB_NAME, SALARY
		FROM EMPLOYEE
		LEFT JOIN DEPARTMENT ON (DEPT_ID = DEPT_CODE)
		JOIN JOB USING(JOB_CODE)
		WHERE EMP_NO = ?
	</entry>
	
	<entry key="selectJobAvgSalary">
		SELECT JOB_NAME, ROUND(AVG(SALARY), 1) AVERAGE
		FROM EMPLOYEE
		JOIN JOB USING(JOB_CODE)
		GROUP BY JOB_CODE, JOB_NAME
		ORDER BY JOB_CODE
	</entry>
	
	
	
	
	
	
</properties>
